{
  "model_type": "ridge_regression",
  "alpha": 1.0,
  "features": [
    "country_ci",
    "emissions_per_capacity",
    "local_pct_coal",
    "local_pct_clean",
    "idw_weighted_ci",
    "country_ci_sq"
  ],
  "scaler_mean": [
    376.2968834817567,
    1411.4305177916322,
    0.1099029953408265,
    0.6880318133987344,
    701.6902446716905,
    198.78456792148026
  ],
  "scaler_scale": [
    239.13432083955968,
    964.7601630733112,
    0.13564566690722218,
    0.2061006947579156,
    206.23499280662514,
    208.58602846655262
  ],
  "coefficients": [
    172.96057841945185,
    6.687270713128694,
    8.435970413786096,
    7.0856834380243665,
    40.25623579823696,
    -25.686581153705184
  ],
  "intercept": 331.28205128205127,
  "training_samples": 39,
  "loo_mae": 55.89442484806456,
  "loo_r2": 0.8479043921277767
}