{
  "model_type": "ridge_regression",
  "alpha": 1.0,
  "features": [
    "country_ci",
    "emissions_per_capacity",
    "local_pct_coal"
  ],
  "scaler_mean": [
    388.6813928196923,
    1411.4305177916322,
    0.1099029953408265
  ],
  "scaler_scale": [
    215.93353815668218,
    964.7601630733112,
    0.13564566690722218
  ],
  "coefficients": [
    164.47354091901911,
    7.275059064323348,
    13.758212039641773
  ],
  "intercept": 331.28205128205127,
  "training_samples": 39,
  "loo_mae": 47.93456673639884,
  "loo_r2": 0.8469210705266301
}