{
  "model_type": "ridge_regression",
  "alpha": 1.0,
  "features": [
    "country_ci",
    "emaps_zone_ci",
    "sqrt_zone_ci",
    "zone_x_country",
    "country_ci_sq",
    "country_coal_frac"
  ],
  "scaler_mean": [
    364.8779191331017,
    362.80835663310165,
    17.756357986416287,
    190.84218204977168,
    192.30493019870917,
    0.22359203972517055
  ],
  "scaler_scale": [
    243.24685882413118,
    241.30734804282216,
    6.893482986947324,
    210.73975666043665,
    212.30308635101235,
    0.2431130071132041
  ],
  "coefficients": [
    50.404011540590716,
    50.65919932544504,
    113.52682719835163,
    -29.05478238843429,
    -28.72038211259755,
    55.16515620685056
  ],
  "intercept": 333.21428571428567,
  "training_samples": 112,
  "loo_mae": 51.06023030834016,
  "loo_r2": 0.8956635201778946
}