{
  "model_type": "ridge_regression",
  "alpha": 2.0,
  "features": [
    "country_ci",
    "emaps_zone_ci",
    "sqrt_zone_ci",
    "zone_x_country",
    "country_ci_sq",
    "country_coal_frac",
    "country_trend_pct",
    "local_trend_x_ci"
  ],
  "scaler_mean": [
    364.8779191331017,
    362.80835663310165,
    17.756357986416287,
    190.84218204977168,
    192.30493019870917,
    0.22359203972517055,
    -8.304821428571428,
    -4.685534650954144
  ],
  "scaler_scale": [
    243.24685882413118,
    241.30734804282216,
    6.893482986947324,
    210.73975666043665,
    212.30308635101235,
    0.2431130071132041,
    17.038821481197346,
    18.20035304482558
  ],
  "coefficients": [
    56.894762644671616,
    51.305321796608844,
    103.19758959192339,
    -29.361803283841667,
    -24.28794450647886,
    51.36014146319805,
    3.4483765263589263,
    -16.730332482585208
  ],
  "intercept": 333.21428571428567,
  "training_samples": 112,
  "loo_mae": 50.12819852397797,
  "loo_r2": 0.8954372464873676
}