{
  "model_type": "ridge_regression",
  "alpha": 1.0,
  "features": [
    "country_ci",
    "emissions_per_capacity",
    "local_pct_coal",
    "local_pct_clean",
    "idw_weighted_ci",
    "country_ci_sq",
    "emaps_zone_ci"
  ],
  "scaler_mean": [
    362.9086109575267,
    1349.8325648086995,
    0.09336852911963489,
    0.6819043727156318,
    683.9033856157021,
    186.40379136373505,
    365.0011291981677
  ],
  "scaler_scale": [
    233.8827301375917,
    968.3159597753584,
    0.11468182826089297,
    0.2236968356846431,
    227.23320019898384,
    201.93916452663967,
    214.58215547473048
  ],
  "coefficients": [
    224.6778638297675,
    -17.125778358259147,
    51.299899905156444,
    -4.45634163046729,
    10.279607107763118,
    -84.80898912786532,
    28.405997289898078
  ],
  "intercept": 332.95238095238096,
  "training_samples": 105,
  "loo_mae": 57.26551818444651,
  "loo_r2": 0.8705550111684032
}